session_id,t_rel,label,ms,n_persons,conf,bbox_w,bbox_h,aspect,sh_y,hip_y,sh_hip_gap,sh_hip_gap_norm,torso_angle,ank_y,kp_ok
20260712_041211,0.000,fallen,107.1,3,0.153924,76.098755,386.841003,0.196718,,,,,,461.171906,4
20260712_041211,0.123,fallen,115.0,1,0.824211,164.698013,136.442810,1.207085,271.172852,302.146179,30.973328,0.188061,46.967856,338.999878,16
20260712_041211,0.230,fallen,99.1,1,0.800762,161.244507,136.955994,1.177345,272.983826,303.053192,30.069366,0.186483,50.886873,342.753571,16
20260712_041211,0.337,fallen,97.8,2,0.563175,166.319702,135.940689,1.223473,274.791687,297.310028,22.518341,0.135392,57.011465,340.986328,15
20260712_041211,0.445,fallen,93.5,3,0.238959,82.350708,283.225052,0.290761,,,,,,461.872284,4
20260712_041211,0.551,fallen,95.0,2,0.805350,164.882019,136.103394,1.211447,275.535278,302.791473,27.256195,0.165307,52.922913,339.723358,16
20260712_041211,0.644,fallen,83.6,1,0.816797,161.493759,135.219971,1.194304,277.102905,309.957611,32.854706,0.203443,48.945398,336.396057,16
20260712_041211,0.731,fallen,78.1,1,0.836565,162.014526,136.486633,1.187036,275.398376,306.506165,31.107788,0.192006,51.622240,337.739563,15
20260712_041211,0.823,fallen,82.7,2,0.157559,90.339478,293.049561,0.308274,,,,,,,2
20260712_041211,0.915,fallen,84.8,1,0.829865,161.783264,131.149597,1.233578,278.480835,309.496918,31.016083,0.191714,52.165344,335.488251,16
20260712_041211,1.016,fallen,92.2,1,0.788453,163.370361,130.068298,1.256035,277.830750,306.658081,28.827332,0.176454,54.904055,334.407196,16
20260712_041211,1.126,fallen,100.3,1,0.807190,162.184464,129.377930,1.253571,278.369873,304.815063,26.445190,0.163056,58.437200,335.525146,16
20260712_041211,1.212,fallen,76.4,1,0.817206,163.417969,130.222107,1.254917,283.194855,310.811523,27.616669,0.168994,59.766825,336.606323,16
20260712_041211,1.300,fallen,79.3,1,0.824973,162.947632,129.403992,1.259216,279.151428,304.271027,25.119598,0.154157,60.516888,339.365662,16
20260712_041211,1.383,fallen,73.3,1,0.814321,162.925797,128.977356,1.263212,280.535461,305.352112,24.816650,0.152319,60.340296,335.890747,16
20260712_041211,1.464,fallen,71.2,1,0.833530,163.456192,130.805664,1.249611,281.835266,309.030640,27.195374,0.166377,59.213347,339.960724,16
20260712_041211,1.550,fallen,78.2,2,0.827702,163.896118,130.550400,1.255424,279.880676,303.291687,23.411011,0.142841,61.737176,339.586426,16
20260712_041211,1.635,fallen,75.3,1,0.808501,165.651550,128.944458,1.284674,282.677765,303.102600,20.424835,0.123300,63.247898,336.668213,16
20260712_041211,1.716,fallen,72.1,1,0.837292,163.402832,128.373917,1.272866,283.501709,305.936981,22.435272,0.137300,63.041885,339.109314,16
20260712_041211,1.794,fallen,68.4,1,0.825312,165.385513,129.217834,1.279897,281.493500,306.662933,25.169434,0.152186,59.659777,338.763336,16
20260712_041211,1.876,fallen,74.5,3,0.199726,85.751221,282.098206,0.303976,,,,,,,2
20260712_041211,1.956,fallen,72.5,1,0.780713,164.790527,128.554321,1.281875,283.786072,302.954956,19.168884,0.116323,64.155452,340.875916,13
20260712_041211,2.041,fallen,76.4,2,0.718726,164.875626,127.586243,1.292268,284.178192,297.899139,13.720947,0.083220,69.746858,338.574341,15
20260712_041211,2.129,fallen,78.7,2,0.235204,77.857910,273.676300,0.284489,,,,,,465.037659,4
20260712_041211,2.223,fallen,84.7,2,0.772913,163.398300,128.201965,1.274538,284.495056,304.082642,19.587585,0.119876,65.766549,337.462158,16
20260712_041211,2.323,fallen,91.9,1,0.831318,163.949478,128.073242,1.280123,283.649475,309.030487,25.381012,0.154810,59.518287,337.290894,15
20260712_041211,2.437,fallen,104.8,4,0.161532,68.547791,429.108414,0.159745,,,,,,458.659332,4
20260712_041211,2.523,fallen,76.5,1,0.802010,164.432983,125.818863,1.306902,285.857941,304.396484,18.538544,0.112742,67.960683,332.961609,17
20260712_041211,2.636,fallen,105.1,2,0.809698,163.882202,127.008972,1.290320,282.380585,301.284607,18.904022,0.115351,65.997953,340.550323,15
20260712_041211,2.725,fallen,78.0,1,0.776797,166.496765,128.471573,1.295981,283.004059,298.118225,15.114166,0.090778,70.662530,339.251770,15
20260712_041211,2.805,fallen,69.6,1,0.768613,163.189590,126.668716,1.288318,285.215485,296.868958,11.653473,0.071411,75.096665,334.525452,16
20260712_041211,2.889,fallen,76.9,2,0.606519,163.841904,128.051636,1.279499,284.482849,297.067749,12.584900,0.076811,71.610362,334.048950,15
20260712_041211,2.974,fallen,77.0,1,0.744041,164.985779,128.979477,1.279163,286.572601,302.363342,15.790741,0.095710,69.754455,339.467072,15
20260712_041211,3.062,fallen,80.6,1,0.816680,162.874512,127.894516,1.273507,284.534851,304.059021,19.524170,0.119872,65.857338,335.023834,15
20260712_041211,3.164,fallen,93.0,1,0.802294,163.684998,126.702454,1.291885,286.609161,300.114197,13.505035,0.082506,74.462794,329.219727,16
20260712_041211,3.261,fallen,88.8,1,0.778574,165.495789,128.552307,1.287381,286.872681,302.138306,15.265625,0.092242,71.478226,339.870178,15
20260712_041211,3.376,fallen,106.7,1,0.814938,164.584839,127.849915,1.287329,288.968170,308.212799,19.244629,0.116928,67.876671,336.720642,17
20260712_041211,3.462,fallen,76.7,1,0.788798,163.724182,128.499008,1.274128,287.910553,301.393677,13.483124,0.082353,73.696000,340.208557,16
20260712_041211,3.549,fallen,78.8,1,0.798140,165.106079,129.605408,1.273914,283.002625,295.317047,12.314423,0.074585,71.765988,338.520813,16
20260712_041211,3.640,fallen,81.6,2,0.455095,165.012695,128.114075,1.288014,290.371735,298.049133,7.677399,0.046526,60.698428,314.783386,15
20260712_041211,3.729,fallen,80.2,1,0.811560,163.401123,128.790833,1.268733,280.628418,301.211395,20.582977,0.125966,63.458105,339.498840,15
20260712_041211,3.816,fallen,76.8,2,0.802223,163.747818,127.946548,1.279814,283.914459,301.843079,17.928619,0.109489,68.306563,339.950775,15
20260712_041211,3.907,fallen,81.8,3,0.227080,89.354370,373.671387,0.239126,,,,,,462.155823,4
20260712_041211,3.998,fallen,83.7,3,0.159380,77.990051,409.931641,0.190251,,,,,,461.640869,4
20260712_041211,4.097,fallen,90.4,1,0.810622,164.256210,128.208557,1.281164,282.825012,301.812897,18.987885,0.115599,67.322442,337.592957,15
20260712_041211,4.190,fallen,83.8,1,0.806093,165.263794,127.889587,1.292238,281.744995,302.985901,21.240906,0.128527,61.835885,336.161713,16
20260712_041211,4.271,fallen,71.3,1,0.810666,163.495712,128.936279,1.268035,284.726929,305.503235,20.776306,0.127076,65.381994,339.322968,15
20260712_041211,4.364,fallen,85.5,2,0.712955,163.977280,127.783997,1.283238,282.316528,297.223083,14.906555,0.090906,70.237211,338.747375,16
20260712_041211,4.451,fallen,78.0,1,0.651652,163.036743,128.344955,1.270301,284.146851,295.326447,11.179596,0.068571,76.176335,329.408813,15
20260712_041211,4.535,fallen,74.4,1,0.784780,164.315048,126.026062,1.303818,285.227112,304.634888,19.407776,0.118113,67.214525,336.662140,16
20260712_041211,4.613,fallen,71.3,1,0.790655,162.611832,126.760803,1.282824,285.450500,306.660645,21.210144,0.130434,65.520229,335.199677,16
20260712_041211,4.698,fallen,75.3,2,0.815033,162.930557,128.382385,1.269104,284.462646,308.751831,24.289185,0.149077,60.743571,340.278992,15
20260712_041211,4.782,fallen,75.0,1,0.819291,164.765686,129.577576,1.271560,282.050354,303.728333,21.677979,0.131569,65.122685,340.060974,15
20260712_041211,4.860,fallen,69.2,1,0.797106,163.160873,128.160629,1.273097,284.163147,305.747803,21.584656,0.132291,63.454086,338.699036,15
20260712_041211,4.945,fallen,76.2,1,0.786980,163.362244,128.112915,1.275143,284.025940,305.856384,21.830444,0.133632,61.534840,339.715210,16
20260712_041211,5.026,fallen,73.2,1,0.829688,163.127792,127.560059,1.278831,284.754761,304.878021,20.123260,0.123359,65.682052,338.647644,16
20260712_041211,5.122,fallen,89.2,1,0.835803,163.980576,127.936646,1.281733,285.461823,308.221252,22.759430,0.138793,65.606146,337.125183,16
20260712_041211,5.230,fallen,96.6,1,0.828655,164.031311,126.803589,1.293586,279.793152,306.132935,26.339783,0.160578,59.216404,336.968445,16
20260712_041211,5.312,fallen,73.0,1,0.740866,163.700500,127.674744,1.282168,285.814240,303.624146,17.809906,0.108796,66.219299,338.303619,15
20260712_041211,5.389,fallen,69.4,1,0.822115,163.976807,128.302261,1.278051,282.904724,300.812469,17.907745,0.109209,67.806355,339.787964,16
20260712_041211,5.476,fallen,77.9,1,0.745417,164.771545,127.470596,1.292624,284.061096,304.268188,20.207092,0.122637,62.424710,340.004883,16
20260712_041211,5.572,fallen,89.2,3,0.184332,87.597656,276.663483,0.316622,,,,,,,2
20260712_041211,5.660,fallen,77.7,1,0.804620,164.820984,127.687622,1.290814,286.164429,303.687531,17.523102,0.106316,68.713775,339.372314,15
20260712_041211,5.744,fallen,74.2,2,0.251422,93.449219,279.037704,0.334898,,,,,,467.420776,4
20260712_041211,5.824,fallen,72.5,1,0.833222,166.075500,128.822510,1.289181,284.570129,303.030151,18.460022,0.111154,65.334578,337.177795,16
20260712_041211,5.912,fallen,78.9,1,0.786167,165.607605,128.577393,1.287999,281.011475,300.820129,19.808655,0.119612,64.802569,338.766266,15
20260712_041211,5.997,fallen,76.6,1,0.701069,164.666260,128.380981,1.282637,282.964172,299.996399,17.032227,0.103435,68.957286,339.592834,15
20260712_041211,6.080,fallen,74.6,1,0.814551,164.417786,128.919373,1.275354,283.212921,304.904541,21.691620,0.131930,62.693142,339.776642,15
20260712_041211,6.162,fallen,73.1,2,0.185604,95.181885,273.214920,0.348377,,,,,,465.736053,3
20260712_041211,6.256,fallen,86.4,2,0.788731,164.184998,128.760681,1.275117,284.456055,295.910522,11.454468,0.069766,76.525992,335.238220,16
20260712_041211,6.342,fallen,78.8,2,0.798207,164.714859,126.897888,1.298011,285.584778,306.004883,20.420105,0.123972,66.882036,336.128876,16
20260712_041211,6.442,fallen,92.8,2,0.785189,163.163025,127.146912,1.283264,282.218506,302.910522,20.692017,0.126818,61.931414,338.528870,15
20260712_041211,6.545,fallen,92.3,1,0.803644,163.270081,126.130310,1.294456,285.645813,308.075317,22.429504,0.137377,61.970151,338.615723,15
20260712_041211,6.637,fallen,84.9,1,0.787472,164.450333,128.365601,1.281109,287.133484,302.642639,15.509155,0.094309,64.590390,337.555481,15
20260712_041211,6.733,fallen,86.0,1,0.793428,165.507324,128.356567,1.289434,284.923462,301.036011,16.112549,0.097352,67.730033,337.964539,16
20260712_041211,6.819,fallen,76.3,1,0.852285,164.754944,129.363464,1.273582,282.797729,306.554199,23.756470,0.144193,61.232032,339.523010,17
20260712_041211,6.923,fallen,96.4,1,0.789754,166.285019,127.262451,1.306631,282.692963,303.407532,20.714569,0.124573,61.535801,336.612030,16
20260712_041211,7.011,fallen,79.0,2,0.828218,166.521912,129.487244,1.286010,286.702942,297.905212,11.202271,0.067272,76.577246,337.812134,17
20260712_041211,7.094,fallen,74.9,1,0.818386,165.274902,130.681824,1.264712,288.444611,304.142090,15.697479,0.094978,71.827815,339.485168,17
20260712_041211,7.191,fallen,90.2,1,0.816364,165.467896,126.518204,1.307858,286.002136,304.477142,18.475006,0.111653,67.326933,339.447479,16
20260712_041211,7.287,fallen,87.6,2,0.832817,164.709610,127.599136,1.290836,283.734222,304.402557,20.668335,0.125483,64.615957,338.396057,15
20260712_041211,7.380,fallen,86.3,3,0.154803,95.201416,273.495453,0.348091,,,,,,460.804382,3
20260712_041211,7.464,fallen,73.8,1,0.769653,167.012268,129.353760,1.291128,283.399902,294.408386,11.008484,0.065914,74.471318,338.989716,14
20260712_041211,7.566,fallen,93.5,3,0.831641,164.985352,131.571548,1.253959,289.832367,307.788483,17.956116,0.108835,69.351763,339.422913,16
20260712_041211,7.661,fallen,86.8,2,0.795438,164.658386,128.644836,1.279946,284.730347,303.664490,18.934143,0.114990,67.875168,339.284485,15
20260712_041211,7.775,fallen,106.5,2,0.836185,166.550964,128.402649,1.297099,286.347229,299.504517,13.157288,0.078999,72.838383,338.288208,17
20260712_041211,7.873,fallen,88.2,2,0.826402,166.662292,128.430054,1.297689,284.311157,301.255981,16.944824,0.101672,67.817699,335.975220,16
20260712_041211,7.975,fallen,95.2,3,0.157255,55.596558,470.699707,0.118115,,,,,,,1
20260712_041211,8.064,fallen,80.8,1,0.823586,166.832275,129.928040,1.284036,283.054810,299.737396,16.682587,0.099996,68.710235,338.680084,16
20260712_041211,8.145,fallen,71.9,1,0.824956,166.592529,128.652939,1.294899,280.056580,295.598877,15.542297,0.093295,67.485562,339.102661,14
20260712_041211,8.233,fallen,79.8,1,0.828756,163.734802,128.436340,1.274832,281.462158,302.721741,21.259583,0.129842,63.334868,338.102966,16
20260712_041211,8.316,fallen,75.9,2,0.802845,164.940063,128.280273,1.285779,287.341827,306.683472,19.341644,0.117265,66.572102,337.433716,16
20260712_041211,8.403,fallen,78.3,2,0.749838,165.703308,127.740601,1.297186,289.934326,300.881348,10.947021,0.066064,74.628741,339.967255,15
20260712_041211,8.488,fallen,77.9,2,0.784919,164.661606,126.331604,1.303408,281.426697,299.791443,18.364746,0.111530,66.032956,339.038940,15
20260712_041211,8.565,fallen,69.7,1,0.813380,163.582947,125.933243,1.298966,283.171875,305.328430,22.156555,0.135445,64.210193,337.135681,16
20260712_041211,8.662,fallen,89.9,1,0.698364,165.365784,127.951843,1.292406,283.353760,300.935730,17.581970,0.106322,64.059075,338.054138,14
20260712_041211,8.766,fallen,95.9,1,0.801528,166.268738,128.459473,1.294328,283.667480,303.934448,20.266968,0.121893,66.426754,339.975586,15
20260712_041211,8.874,fallen,100.5,1,0.837090,165.333878,127.542725,1.296302,282.358185,304.964111,22.605927,0.136729,63.163494,338.732269,16
20260712_041211,8.970,fallen,86.3,1,0.812298,167.387512,128.512207,1.302503,285.439545,297.292358,11.852814,0.070811,74.751377,337.719116,16
20260712_041211,9.065,fallen,87.4,1,0.839377,165.874146,127.797791,1.297942,282.701843,306.564209,23.862366,0.143858,63.231910,339.272705,16
20260712_041211,9.161,fallen,87.6,2,0.827073,167.719971,128.002625,1.310285,287.329102,306.897491,19.568390,0.116673,63.984457,336.523224,16
20260712_041211,9.239,fallen,67.9,1,0.774600,163.958984,125.633560,1.305057,285.890686,303.077820,17.187134,0.104826,70.341129,333.601318,16
20260712_041211,9.342,fallen,95.0,1,0.799055,164.846680,127.163315,1.296338,284.403839,299.593933,15.190094,0.092147,71.328981,339.614380,15
20260712_041211,9.438,fallen,88.8,2,0.205420,92.015137,273.232117,0.336765,,,,,,464.486481,4
20260712_041211,9.530,fallen,82.7,1,0.828128,164.881851,126.429184,1.304144,286.345520,304.193359,17.847839,0.108246,70.163378,338.012817,16
20260712_041211,9.627,fallen,89.3,1,0.756043,166.302475,127.410706,1.305247,281.327271,300.470825,19.143555,0.115113,66.691737,339.251343,12
20260712_041211,9.722,fallen,85.4,1,0.720696,163.917831,127.228531,1.288373,281.691315,295.356140,13.664825,0.083364,73.561297,338.862122,16
20260712_041211,9.825,fallen,92.7,2,0.721103,164.149963,126.753601,1.295032,289.524231,298.345215,8.820984,0.053737,79.096465,329.987640,15
20260712_041211,9.952,fallen,119.5,3,0.830814,164.515640,127.839493,1.286892,283.860901,306.607971,22.747070,0.138267,63.499251,340.830627,16
20260712_041211,10.060,fallen,101.3,1,0.803456,163.675781,127.794495,1.280773,287.431519,304.977234,17.545715,0.107198,67.748919,338.771179,15
20260712_041211,10.157,fallen,87.3,1,0.759251,166.510498,127.637192,1.304561,281.194275,286.207703,5.013428,0.030109,82.473259,339.063568,16
20260712_041211,10.243,fallen,76.2,1,0.823245,164.770325,126.775024,1.299707,283.153412,302.364410,19.210999,0.116593,66.272137,340.075623,16
20260712_041211,10.326,fallen,74.5,1,0.779318,167.104141,129.204346,1.293332,285.287842,300.322906,15.035065,0.089974,68.902327,338.694641,15
20260712_041211,10.421,fallen,85.5,1,0.758067,165.308243,129.573868,1.275784,285.799805,297.045349,11.245544,0.068028,75.826709,339.778229,16
20260712_041211,10.510,fallen,81.9,1,0.809012,165.613052,128.935410,1.284465,281.781067,300.562134,18.781067,0.113403,66.803080,338.712830,15
20260712_041211,10.605,fallen,87.4,1,0.779139,165.115051,128.018066,1.289779,286.218597,301.068146,14.849548,0.089935,72.631486,339.230286,16
20260712_041211,10.702,fallen,89.3,1,0.778432,164.197998,128.363785,1.279161,282.403687,302.843567,20.439880,0.124483,64.802323,340.552979,13
20260712_041211,10.810,fallen,98.4,1,0.788709,165.428482,125.910461,1.313858,285.648956,303.403381,17.754425,0.107324,68.528763,336.493744,16
20260712_041211,10.904,fallen,86.8,1,0.812170,164.798080,127.314392,1.294418,285.591339,297.562347,11.971008,0.072640,75.871350,338.829285,16
20260712_041211,10.997,fallen,84.2,1,0.805590,165.225769,127.142319,1.299534,286.494568,300.919983,14.425415,0.087307,73.167725,337.602112,15
20260712_041211,11.092,fallen,84.9,2,0.160539,91.927124,286.750397,0.320582,,,,,,462.822388,3
20260712_041211,11.218,fallen,116.5,1,0.722877,167.042236,127.197128,1.313255,286.305969,299.962402,13.656433,0.081754,70.189676,333.839813,15
20260712_041211,11.308,fallen,82.5,1,0.702938,164.438736,128.154160,1.283132,284.202332,295.803894,11.601562,0.070552,74.823284,339.451904,16
20260712_041211,11.403,fallen,84.1,1,0.827468,164.278564,127.912613,1.284303,284.430847,300.270142,15.839294,0.096417,72.274619,337.965515,16
20260712_041211,11.489,fallen,76.7,1,0.819622,164.072510,128.102188,1.280794,284.201660,308.449921,24.248260,0.147790,60.909086,338.812866,16
20260712_041211,11.591,fallen,93.9,2,0.818455,163.784241,127.013062,1.289507,285.638855,309.954956,24.316101,0.148464,61.781538,338.237030,16
20260712_041211,11.695,fallen,94.1,2,0.773619,165.095596,126.517578,1.304922,286.355682,310.476471,24.120789,0.146102,61.923431,338.615173,15
20260712_041211,11.800,fallen,98.0,2,0.808236,166.162216,128.684677,1.291235,280.105194,287.705322,7.600128,0.045739,79.225333,339.999512,16
20260712_041211,11.893,fallen,84.6,1,0.814497,167.226501,127.597229,1.310581,285.183533,299.889160,14.705627,0.087938,72.036187,339.398438,17
20260712_041211,11.984,fallen,81.4,1,0.815331,165.224121,127.394272,1.296951,281.506958,301.147888,19.640930,0.118874,65.541177,340.206848,16
20260712_041211,12.098,fallen,104.9,1,0.800697,165.315002,127.776718,1.293780,288.065521,304.433136,16.367615,0.099009,70.440181,339.593658,16
20260712_041211,12.213,fallen,105.8,2,0.795910,165.169739,127.366943,1.296802,283.988831,298.511719,14.522888,0.087927,69.342177,338.933899,15
20260712_041211,12.306,fallen,85.3,1,0.800532,165.061890,126.833496,1.301406,282.517487,303.159607,20.642120,0.125057,66.543390,338.485016,15
20260712_041211,12.402,fallen,85.9,1,0.814414,163.829712,127.330200,1.286652,285.193268,304.690247,19.496979,0.119008,66.329098,339.758423,16
20260712_041211,12.498,fallen,89.5,2,0.791316,163.838242,127.895874,1.281028,285.891968,296.239258,10.347290,0.063156,78.100711,336.376709,17
20260712_041211,12.595,fallen,88.0,1,0.784526,167.509338,128.713501,1.301412,282.637573,295.589111,12.951538,0.077318,71.191204,336.042847,16
20260712_041211,12.677,fallen,72.3,1,0.794403,165.618637,129.923279,1.274742,283.691620,299.517242,15.825623,0.095555,69.846533,339.808014,17
20260712_041211,12.758,fallen,73.3,1,0.794776,164.192368,127.382812,1.288968,281.861359,302.341125,20.479767,0.124730,65.420933,338.326324,16
20260712_041211,12.866,fallen,100.8,1,0.830909,166.183456,128.139282,1.296897,284.704498,292.656860,7.952362,0.047853,79.886142,337.429443,17
20260712_041211,12.973,fallen,97.5,1,0.774204,166.046768,127.937256,1.297877,284.587555,299.295410,14.707855,0.088577,71.328370,337.670898,15
20260712_041211,13.079,fallen,98.5,1,0.837695,164.965332,128.773422,1.281051,286.854156,308.506042,21.651886,0.131251,65.656878,341.098877,16
20260712_041211,13.169,fallen,82.8,3,0.191151,84.953857,275.355576,0.308524,,,,,,461.721222,4
20260712_041211,13.261,fallen,84.3,1,0.830798,166.708237,128.271835,1.299648,284.867401,301.204742,16.337341,0.098000,67.743751,336.146332,16
20260712_041211,13.357,fallen,88.0,1,0.756049,165.681992,129.886230,1.275593,282.222290,291.549164,9.326874,0.056294,77.201153,340.724976,16
20260712_041211,13.440,fallen,72.6,1,0.832627,165.593994,128.250961,1.291172,286.536987,304.762695,18.225708,0.110063,68.686331,341.965759,16
20260712_041211,13.531,fallen,81.3,2,0.756054,166.568909,128.739120,1.293848,286.386749,297.799652,11.412903,0.068518,71.609469,337.727570,15
20260712_041211,13.627,fallen,87.5,1,0.763407,166.950195,128.271851,1.301534,281.393005,294.641449,13.248444,0.079356,71.554091,336.475891,16
20260712_041211,13.733,fallen,95.5,2,0.712519,165.264023,126.410828,1.307357,284.392883,300.803070,16.410187,0.099297,68.599253,338.743652,15
20260712_041211,13.830,fallen,87.4,2,0.824713,163.394516,127.194519,1.284603,281.283386,303.546997,22.263611,0.136257,62.963386,337.743286,16
20260712_041211,13.931,fallen,92.3,1,0.782782,164.902817,127.335953,1.295022,283.431427,300.769470,17.338043,0.105141,66.652066,337.918793,15
20260712_041211,14.025,fallen,84.3,1,0.788562,164.571228,126.883972,1.297021,282.743195,302.192780,19.449585,0.118183,66.057914,339.496155,14
20260712_041211,14.109,fallen,74.4,1,0.816944,164.461121,126.914444,1.295842,285.253387,306.420837,21.167450,0.128708,66.113792,335.023254,16
20260712_041211,14.190,fallen,72.5,1,0.822368,165.773743,127.729492,1.297850,285.604614,295.350647,9.746033,0.058791,75.676425,336.720428,16
20260712_041211,14.276,fallen,77.5,1,0.730584,168.204834,128.299316,1.311035,283.494873,298.380005,14.885132,0.088494,71.073160,334.311890,15
20260712_041211,14.366,fallen,81.8,1,0.791984,166.759048,126.252930,1.320833,282.694733,304.653320,21.958588,0.131679,63.912557,338.884644,15
20260712_041211,14.456,fallen,79.7,2,0.836718,167.051514,127.236755,1.312919,283.145569,301.658630,18.513062,0.110822,67.896319,340.274414,15
20260712_041211,14.548,fallen,83.2,2,0.707393,166.711548,128.080582,1.301615,279.246063,288.953369,9.707306,0.058228,75.567501,342.096924,14
20260712_041211,14.664,fallen,108.2,3,0.203456,85.679321,278.982986,0.307113,,,,,,465.068420,4
20260712_041211,14.760,fallen,87.4,1,0.785993,163.782776,127.710022,1.282458,285.380188,302.960785,17.580597,0.107341,70.390265,337.672394,16
20260712_041211,14.865,fallen,95.8,1,0.796816,168.391663,128.531067,1.310124,281.743835,300.002167,18.258331,0.108428,63.809950,338.496887,14
20260712_041211,14.951,fallen,78.2,1,0.587573,166.237183,128.225037,1.296449,283.675598,289.470642,5.795044,0.034860,81.612434,339.479004,14
20260712_041211,0.000,fallen,75.7,1,0.841850,215.687378,99.766602,2.161920,290.316101,277.308044,13.008057,0.060310,78.698623,288.290436,17
20260712_041211,0.089,fallen,81.1,1,0.835163,224.406860,99.057251,2.265426,291.811035,280.870209,10.940826,0.048754,80.645004,287.977600,17
20260712_041211,0.183,fallen,84.2,1,0.843251,227.695129,95.599594,2.381758,293.576599,285.542419,8.034180,0.035285,83.300404,283.296936,17
20260712_041211,0.263,fallen,71.4,1,0.841501,214.150009,95.170792,2.250165,292.149841,280.985413,11.164429,0.052134,80.337379,278.838989,17
20260712_041211,0.351,fallen,79.1,1,0.826058,218.111069,98.200821,2.221072,291.557800,279.312195,12.245605,0.056144,79.253415,288.868408,17
20260712_041211,0.434,fallen,75.6,1,0.846986,217.848450,96.371078,2.260517,293.376648,284.248840,9.127808,0.041900,82.359209,280.287170,17
20260712_041211,0.529,fallen,87.0,1,0.846096,217.497208,96.494141,2.253994,294.008362,281.385803,12.622559,0.058035,79.278997,282.319946,17
20260712_041211,0.628,fallen,89.7,2,0.815840,222.538223,98.213257,2.265867,295.915894,283.254639,12.661255,0.056895,80.227784,275.988098,17
20260712_041211,0.716,fallen,77.5,2,0.818563,214.266357,98.217590,2.181548,293.461975,282.835876,10.626099,0.049593,80.830617,284.009674,17
20260712_041211,0.795,fallen,72.2,1,0.841235,216.486679,97.777527,2.214074,293.120544,280.229767,12.890778,0.059545,78.743851,288.189850,17
20260712_041211,0.883,fallen,79.1,1,0.825445,227.261475,94.615250,2.401954,294.259644,285.599854,8.659790,0.038105,82.817840,278.685913,17
20260712_041211,0.967,fallen,73.8,1,0.831030,222.021545,95.906555,2.314978,294.608643,283.666870,10.941772,0.049282,81.090824,281.087494,17
20260712_041211,1.059,fallen,83.1,1,0.847394,225.486557,97.346939,2.316319,292.433228,281.609131,10.824097,0.048003,81.137005,284.024200,17
20260712_041211,1.150,fallen,81.8,1,0.833337,224.119003,97.102783,2.308060,295.490784,286.036133,9.454651,0.042186,82.417236,275.628754,17
20260712_041211,1.235,fallen,76.1,1,0.845687,221.857422,98.562622,2.250929,292.159393,281.762390,10.397003,0.046863,80.664950,285.802795,17
20260712_041211,1.323,fallen,79.3,1,0.825144,218.074356,98.781311,2.207648,291.819458,283.117188,8.702271,0.039905,82.255701,288.484497,17
20260712_041211,1.410,fallen,78.6,2,0.170497,88.907471,288.079300,0.308622,,,,,,,2
20260712_041211,1.489,fallen,70.3,1,0.840713,227.053528,96.862000,2.344093,292.309509,281.462585,10.846924,0.047773,81.195240,283.474213,17
20260712_041211,1.579,fallen,82.5,1,0.848200,218.476913,98.050919,2.228199,291.447998,280.063416,11.384583,0.052109,80.015797,286.218872,17
20260712_041211,1.670,fallen,81.8,1,0.837292,223.175537,96.347641,2.316357,293.915405,281.019226,12.896179,0.057785,79.757486,281.608337,17
20260712_041211,1.760,fallen,79.0,1,0.833414,224.178726,96.548325,2.321933,294.070374,284.199646,9.870728,0.044031,81.668921,280.579712,17
20260712_041211,1.850,fallen,80.1,1,0.833552,214.045303,99.095642,2.159987,293.102478,284.350708,8.751770,0.040887,81.730767,282.589966,17
20260712_041211,1.936,fallen,79.3,1,0.843162,221.577896,100.290161,2.209368,292.827942,281.221497,11.606445,0.052381,79.795672,289.378906,17
20260712_041211,2.032,fallen,88.2,1,0.836913,221.502014,98.454529,2.249790,293.491638,281.615967,11.875671,0.053614,79.789720,286.009399,17
20260712_041211,2.157,fallen,117.1,1,0.844096,215.013367,99.549561,2.159863,292.454285,279.759888,12.694397,0.059040,79.091396,287.846069,17
20260712_041211,2.241,fallen,75.4,1,0.841775,217.997192,98.036194,2.223640,291.093262,278.978363,12.114899,0.055574,79.580061,289.303406,17
20260712_041211,2.332,fallen,83.6,1,0.835909,216.783508,99.119385,2.187095,290.973938,278.448669,12.525269,0.057778,79.239282,287.511597,17
20260712_041211,2.432,fallen,92.1,1,0.838235,215.170288,97.384094,2.209501,293.928040,279.407043,14.520996,0.067486,78.223284,289.044006,17
20260712_041211,2.525,fallen,83.6,1,0.836783,218.910461,96.988037,2.257087,292.302856,280.190063,12.112793,0.055332,80.059960,280.616516,17
20260712_041211,2.621,fallen,86.2,1,0.845894,218.301819,99.001938,2.205026,293.456726,284.267700,9.189026,0.042093,82.237960,287.994019,17
20260712_041211,2.704,fallen,76.1,2,0.837757,219.293640,99.201294,2.210593,293.199585,279.616821,13.582764,0.061939,78.471748,287.871735,17
20260712_041211,2.787,fallen,73.9,1,0.805604,211.244080,98.062378,2.154181,292.014893,277.911591,14.103302,0.066763,77.265063,288.435425,17
20260712_041211,2.870,fallen,73.1,1,0.831422,216.958252,98.417542,2.204467,292.857300,283.249786,9.607513,0.044283,81.329650,285.216919,17
20260712_041211,2.962,fallen,82.4,1,0.845879,218.919739,99.393051,2.202566,292.952545,278.473145,14.479401,0.066140,77.789523,289.441284,17
20260712_041211,3.043,fallen,74.5,2,0.840339,227.408630,97.970459,2.321196,293.311035,281.501251,11.809784,0.051932,80.769337,282.964233,17
20260712_041211,3.150,fallen,99.9,1,0.849149,225.441833,99.194702,2.272721,291.346558,279.373199,11.973358,0.053111,79.246355,289.152161,17
20260712_041211,3.247,fallen,88.2,1,0.846478,217.823502,99.385742,2.191698,291.521088,280.479828,11.041260,0.050689,79.955578,287.045441,17
20260712_041211,3.357,fallen,102.2,1,0.835079,223.667297,97.416931,2.295980,293.757507,282.993774,10.763733,0.048124,81.297699,279.404602,17
20260712_041211,3.454,fallen,88.6,1,0.839346,219.193710,95.939819,2.284700,293.032593,284.441833,8.590759,0.039193,82.809621,281.276306,17
20260712_041211,3.550,fallen,86.4,1,0.840111,230.546371,96.564575,2.387484,292.857910,281.275970,11.581940,0.050237,80.616790,281.303528,17
20260712_041211,3.638,fallen,80.5,1,0.823305,216.062805,96.420898,2.240830,293.246399,282.621521,10.624878,0.049175,81.444353,278.038879,17
20260712_041211,3.732,fallen,85.7,1,0.825745,223.746078,94.474472,2.368323,292.988892,281.728485,11.260406,0.050327,81.073390,281.519531,17
20260712_041211,3.836,fallen,95.9,1,0.825440,225.244507,96.100708,2.343838,294.512115,281.374207,13.137909,0.058327,79.336239,280.064941,17
20260712_041211,3.924,fallen,78.5,1,0.851924,220.717468,98.033020,2.251460,291.527954,279.149109,12.378845,0.056085,79.239785,288.108551,17
20260712_041211,4.010,fallen,76.8,1,0.825132,225.192520,98.703064,2.281515,292.884888,282.414764,10.470123,0.046494,80.711321,289.121948,17
20260712_041211,4.091,fallen,73.3,1,0.858367,217.495789,99.960464,2.175818,291.840027,278.088379,13.751648,0.063227,78.163356,288.003845,17
20260712_041211,4.177,fallen,76.2,1,0.835324,220.946152,99.319580,2.224598,292.558289,280.462280,12.096008,0.054746,79.340304,287.086792,17
20260712_041211,4.266,fallen,80.8,1,0.855296,218.848999,99.095215,2.208472,291.348816,277.768524,13.580292,0.062053,78.284690,289.980957,17
20260712_041211,4.350,fallen,75.1,1,0.848473,225.591415,96.442078,2.339139,293.405762,283.705444,9.700317,0.042999,81.197870,281.540039,17
20260712_041211,4.436,fallen,78.9,2,0.845012,224.206314,99.199203,2.260162,291.838440,281.742981,10.095459,0.045028,81.440046,287.531799,17
20260712_041211,4.527,fallen,81.7,2,0.836566,215.724548,96.359131,2.238756,294.016418,281.145752,12.870667,0.059663,79.529506,279.749390,17
20260712_041211,4.619,fallen,82.7,1,0.854768,216.403580,98.828247,2.189694,290.464508,280.020172,10.444336,0.048263,80.708081,289.641479,17
20260712_041211,4.700,fallen,71.5,1,0.838132,225.302246,97.041077,2.321720,293.992981,282.520721,11.472260,0.050919,80.567650,281.776306,17
20260712_041211,4.780,fallen,71.0,1,0.836186,217.667236,98.820251,2.202658,294.122528,277.733032,16.389496,0.075296,75.644131,289.417114,17
20260712_041211,4.862,fallen,74.4,1,0.846992,217.258606,99.886902,2.175046,293.198944,280.576904,12.622040,0.058097,79.146228,285.400055,17
20260712_041211,4.949,fallen,77.7,2,0.798060,213.472900,96.682922,2.207969,292.144287,278.464478,13.679810,0.064082,77.609338,291.120300,17
20260712_041211,5.027,fallen,70.6,1,0.835206,215.870468,95.687271,2.256000,293.914124,284.085907,9.828217,0.045528,81.356568,282.820923,17
20260712_041211,5.113,fallen,77.6,1,0.831555,220.174057,98.401550,2.237506,292.004578,281.887604,10.116974,0.045950,81.528053,288.669861,17
20260712_041211,5.210,fallen,90.4,1,0.825456,217.239197,96.302124,2.255809,293.972015,284.843414,9.128601,0.042021,82.645209,279.853943,17
20260712_041211,5.305,fallen,85.1,1,0.832788,222.629272,99.124573,2.245954,293.297302,282.069183,11.228119,0.050434,80.407317,287.875916,17
20260712_041211,5.400,fallen,88.9,1,0.849867,216.874390,99.222717,2.185733,292.894836,281.765411,11.129425,0.051317,79.966371,285.555542,17
20260712_041211,5.492,fallen,82.6,1,0.841298,220.626831,99.100830,2.226286,291.990540,279.255585,12.734955,0.057722,78.989035,289.283569,17
20260712_041211,5.576,fallen,75.8,1,0.846922,225.405533,96.672729,2.331635,293.177673,283.739410,9.438263,0.041872,81.891291,282.276398,17
20260712_041211,5.666,fallen,82.4,1,0.825023,215.927505,98.421814,2.193899,291.302612,282.206207,9.096405,0.042127,81.763696,288.013763,17
20260712_041211,5.757,fallen,83.0,1,0.844161,218.550720,99.575912,2.194815,293.257812,281.197815,12.059998,0.055182,79.246738,288.284180,17
20260712_041211,5.842,fallen,76.5,1,0.830230,224.855469,98.320679,2.286960,290.594421,280.247375,10.347046,0.046016,80.956252,287.429779,17
20260712_041211,5.922,fallen,70.1,1,0.820542,223.522644,95.056412,2.351474,293.313049,284.103699,9.209351,0.041201,81.987708,283.949951,17
20260712_041211,6.005,fallen,74.8,1,0.827001,216.122559,98.132019,2.202365,292.682648,281.454041,11.228607,0.051955,80.118354,287.972839,17
20260712_041211,6.090,fallen,77.0,1,0.843513,218.080627,99.251968,2.197242,289.953339,279.523376,10.429962,0.047826,80.415294,286.602356,17
20260712_041211,6.184,fallen,84.5,2,0.820205,214.964218,94.792664,2.267731,293.039124,282.104523,10.934601,0.050867,79.974493,280.295776,17
20260712_041211,6.291,fallen,98.6,3,0.200209,111.930908,475.415070,0.235438,,,,,,,1
20260712_041211,6.382,fallen,80.3,3,0.191557,118.813965,473.897827,0.250716,,,,,,,0
20260712_041211,6.475,fallen,85.0,3,0.175362,114.539673,479.031830,0.239107,,,,,,,0
20260712_041211,6.570,fallen,86.0,3,0.182818,116.279297,476.865967,0.243841,,,,,,,1
20260712_041211,6.649,fallen,70.3,3,0.219834,118.372803,478.401001,0.247434,,,,,,,1
20260712_041211,6.738,fallen,80.0,3,0.198278,114.103455,480.000000,0.237716,,,,,,,1
20260712_041211,6.823,fallen,75.4,3,0.176919,80.022766,477.041565,0.167748,,,,,,,0
20260712_041211,6.910,fallen,78.3,3,0.240696,117.617432,477.984711,0.246069,,,,,,,0
20260712_041211,6.999,fallen,81.8,3,0.227668,118.378418,476.462341,0.248453,,,,,,,1
20260712_041211,7.088,fallen,79.1,3,0.197070,113.210815,477.850128,0.236917,,,,,,,0
20260712_041211,7.176,fallen,77.8,3,0.162305,118.967529,468.484772,0.253941,,,,,,,1
20260712_041211,7.261,fallen,76.0,4,0.188707,113.762695,479.946777,0.237032,,,,,,,1
20260712_041211,7.342,fallen,72.9,2,0.438201,117.291870,479.133240,0.244800,,,,,,,1
20260712_041211,7.425,fallen,74.1,2,0.212627,119.898315,463.007355,0.258956,,,,,,,0
20260712_041211,7.502,fallen,70.4,3,0.156903,113.451416,472.809753,0.239952,,,,,,,1
20260712_041211,7.591,fallen,81.5,2,0.160355,50.608765,473.547607,0.106872,,,,,,,0
20260712_041211,7.678,fallen,77.4,1,0.826223,218.999268,97.446228,2.247386,290.864563,280.737640,10.126923,0.046242,80.679506,288.985779,17
20260712_041211,7.778,fallen,92.4,4,0.192995,120.374268,452.842712,0.265819,,,,,,,1
20260712_041211,7.871,fallen,86.3,1,0.841097,227.072372,96.014526,2.364979,293.042114,280.928223,12.113892,0.053348,80.072531,281.618469,17
20260712_041211,7.954,fallen,73.6,1,0.835560,222.222351,96.377014,2.305761,294.208221,283.050659,11.157562,0.050209,80.590614,280.148499,17
20260712_041211,8.038,fallen,75.6,1,0.846610,214.954346,99.306519,2.164554,290.915833,280.488312,10.427521,0.048510,80.635668,286.567993,17
20260712_041211,8.132,fallen,84.5,1,0.841760,220.719971,97.294540,2.268575,290.185120,279.857819,10.327301,0.046789,80.059825,289.230042,17
20260712_041211,8.214,fallen,72.5,2,0.836372,218.777405,96.424316,2.268903,292.724030,283.352661,9.371368,0.042835,81.955854,278.789795,17
20260712_041211,8.295,fallen,72.9,1,0.827548,206.510361,96.570618,2.138439,290.952911,283.476196,7.476715,0.036205,82.890163,285.979706,17
20260712_041211,8.389,fallen,84.2,1,0.840111,214.942886,97.284164,2.209433,293.978851,281.504883,12.473969,0.058034,79.597038,277.796936,17
20260712_041211,8.473,fallen,75.6,1,0.854676,217.095520,99.743591,2.176536,292.673889,280.271851,12.402039,0.057127,79.203059,287.120209,17
20260712_041211,8.551,fallen,69.2,1,0.847717,217.921143,101.575378,2.145413,291.675842,282.425903,9.249939,0.042446,81.345301,286.442749,17
20260712_041211,8.633,fallen,73.5,1,0.852049,227.659164,100.536682,2.264439,291.577057,280.913147,10.663910,0.046842,80.372415,287.263855,17
20260712_041211,8.717,fallen,75.3,1,0.840300,194.319443,100.753311,1.928666,289.987122,279.891174,10.095947,0.051955,80.342345,285.844147,17
20260712_041211,8.796,fallen,71.2,1,0.847321,224.687805,99.987732,2.247154,290.988983,282.721619,8.267365,0.036795,82.652474,289.491760,17
20260712_041211,8.885,fallen,79.3,1,0.817911,223.419556,96.625977,2.312210,294.155945,284.014496,10.141449,0.045392,81.358144,279.445984,17
20260712_041211,8.972,fallen,78.4,1,0.852029,222.893921,100.536743,2.217039,292.637238,281.294800,11.342438,0.050887,80.223819,289.591064,17
20260712_041211,9.068,fallen,88.9,1,0.854859,218.445312,98.585327,2.215799,293.451721,279.091400,14.360321,0.065739,77.576927,285.509949,17
20260712_041211,9.167,fallen,89.3,1,0.836587,216.375366,98.113785,2.205351,289.899719,277.185913,12.713806,0.058758,78.591754,286.424683,17
20260712_041211,9.248,fallen,72.6,1,0.843348,224.566299,97.026428,2.314486,292.866882,282.854340,10.012543,0.044586,81.413737,283.444305,17
20260712_041211,9.329,fallen,71.9,1,0.840973,217.598755,98.364761,2.212162,292.843384,281.996460,10.846924,0.049848,80.590381,287.367859,17
20260712_041211,9.421,fallen,84.4,1,0.853228,221.056580,100.073975,2.208932,290.948608,279.629150,11.319458,0.051206,79.764163,289.831543,17
20260712_041211,9.507,fallen,77.0,1,0.843622,222.186752,97.779419,2.272326,292.563843,282.339172,10.224670,0.046018,81.308649,288.896667,17
20260712_041211,9.610,fallen,95.0,1,0.842368,221.810852,98.434204,2.253392,290.767212,282.599365,8.167847,0.036823,82.663859,285.990051,17
20260712_041211,9.701,fallen,85.0,1,0.830261,220.796021,98.887833,2.232793,295.830566,285.550293,10.280273,0.046560,81.906155,279.714996,17
20260712_041211,9.798,fallen,87.4,1,0.856051,215.122192,98.873657,2.175728,292.368500,277.093170,15.275330,0.071008,76.820241,285.953339,17
20260712_041211,9.890,fallen,82.2,2,0.826048,214.202377,97.959045,2.186652,290.760956,274.258331,16.502625,0.077042,75.757561,289.367737,17
20260712_041211,9.973,fallen,73.5,1,0.828939,216.474228,99.058350,2.185320,292.885284,279.977631,12.907654,0.059627,78.978038,285.029053,17
20260712_041211,10.058,fallen,75.6,1,0.833674,216.376465,100.268677,2.157967,291.489716,279.363098,12.126617,0.056044,79.474254,285.084595,17
20260712_041211,10.149,fallen,81.9,1,0.829769,220.156601,98.395325,2.237470,291.425507,279.267700,12.157806,0.055223,79.590195,288.655396,17
20260712_041211,10.247,fallen,89.7,1,0.824685,208.450867,96.462646,2.160949,290.923340,280.052734,10.870605,0.052149,80.053360,288.263123,17
20260712_041211,10.334,fallen,77.8,1,0.829271,222.557190,94.921646,2.344641,293.540955,284.721832,8.819122,0.039626,82.375986,283.691223,17
20260712_041211,10.423,fallen,80.5,1,0.846693,223.874329,99.817871,2.242828,291.678528,279.708893,11.969635,0.053466,79.383225,289.565094,17
20260712_041211,10.511,fallen,80.0,1,0.811924,225.317810,96.640991,2.331493,295.017395,281.722290,13.295105,0.059006,78.809293,279.289062,17
20260712_041211,10.589,fallen,70.0,1,0.844603,214.474350,99.947327,2.145874,292.240143,283.633484,8.606659,0.040129,82.333561,285.981232,17
20260712_041211,10.670,fallen,73.0,1,0.828646,219.404846,97.179337,2.257731,291.775940,278.750793,13.025146,0.059366,78.135405,289.276886,17
20260712_041211,10.751,fallen,71.5,1,0.839663,225.928345,97.853821,2.308835,292.745178,280.693726,12.051453,0.053342,79.416969,286.523376,17
20260712_041211,10.834,fallen,73.4,2,0.850374,218.661636,99.407120,2.199658,293.827942,282.865662,10.962280,0.050134,80.014929,286.160095,17
20260712_041211,10.923,fallen,79.9,1,0.835502,217.467285,96.892944,2.244408,291.983704,282.580444,9.403259,0.043240,81.619375,289.231293,17
20260712_041211,11.007,fallen,75.9,1,0.837564,225.794678,97.437637,2.317325,292.455933,282.328491,10.127441,0.044852,81.216105,287.998901,17
20260712_041211,11.084,fallen,68.7,1,0.834870,216.671005,98.922256,2.190316,293.392365,278.809998,14.582367,0.067302,77.735968,288.544495,17
20260712_041211,11.174,fallen,80.3,1,0.835671,225.871353,96.506897,2.340469,292.829468,280.524780,12.304688,0.054477,79.813932,282.330505,17
20260712_041211,11.271,fallen,89.2,1,0.842850,219.000061,100.592651,2.177098,291.533386,281.730255,9.803131,0.044763,81.552354,289.147949,17
20260712_041211,11.358,fallen,77.1,1,0.830678,220.266235,96.476807,2.283100,292.849152,284.363983,8.485168,0.038522,82.810460,282.862549,17
20260712_041211,11.440,fallen,74.7,1,0.826106,219.166733,99.701050,2.198239,290.909180,280.813416,10.095764,0.046064,81.167901,289.900635,17
20260712_041211,11.533,fallen,83.4,1,0.831027,214.346558,98.096375,2.185061,294.195709,280.480133,13.715576,0.063988,77.531748,287.735474,17
20260712_041211,11.617,fallen,75.0,1,0.822021,218.644226,97.315857,2.246748,295.496826,282.476288,13.020538,0.059551,78.158039,287.818604,17
20260712_041211,11.699,fallen,73.1,1,0.834839,220.344727,99.353699,2.217781,292.772095,281.195923,11.576172,0.052537,80.333881,287.933533,17
20260712_041211,11.783,fallen,75.4,1,0.828979,220.320618,99.182999,2.221355,292.849731,278.389618,14.460114,0.065632,77.271516,287.166260,17
20260712_041211,11.862,fallen,70.3,1,0.837135,220.891830,97.020508,2.276754,292.705811,279.850586,12.855225,0.058197,79.062730,282.468506,17
20260712_041211,11.964,fallen,92.7,1,0.844242,224.447815,99.928482,2.246085,294.466858,277.113342,17.353516,0.077316,75.185212,288.223450,17
20260712_041211,12.052,fallen,78.6,1,0.841497,217.591980,96.219589,2.261410,293.054321,280.566254,12.488068,0.057392,79.892273,282.463928,17
20260712_041211,12.138,fallen,77.1,1,0.848365,218.571899,98.814804,2.211935,292.440430,278.373718,14.066711,0.064357,77.697938,288.084259,17
20260712_041211,12.225,fallen,78.7,1,0.829853,224.729065,98.719955,2.276430,290.948608,277.010742,13.937866,0.062021,78.181035,289.345245,17
20260712_041211,12.308,fallen,74.8,1,0.832888,221.453491,96.129883,2.303690,292.278687,280.751587,11.527100,0.052052,80.420125,283.538116,17
20260712_041211,12.396,fallen,78.9,1,0.830457,222.843994,96.549927,2.308070,293.353729,281.398010,11.955719,0.053651,80.041207,281.923157,17
20260712_041211,12.482,fallen,76.3,1,0.845406,213.741104,99.938126,2.138734,291.242065,282.378113,8.863953,0.041471,82.024081,289.569580,17
20260712_041211,12.571,fallen,80.3,1,0.838344,217.136597,99.052490,2.192137,294.163513,281.082092,13.081421,0.060245,78.598261,287.692993,17
20260712_041211,12.648,fallen,69.5,1,0.821288,215.580948,95.700989,2.252651,294.446655,282.641144,11.805511,0.054761,80.280672,281.077332,17
20260712_041211,12.732,fallen,75.7,1,0.849669,218.253540,96.777084,2.255219,294.350281,284.258484,10.091797,0.046239,81.318404,280.823700,17
20260712_041211,12.815,fallen,76.5,1,0.839432,224.775635,97.428833,2.307075,291.290131,281.653687,9.636444,0.042871,81.891794,280.882690,17
20260712_041211,12.896,fallen,72.4,1,0.838652,222.054947,96.806168,2.293810,293.598755,279.152527,14.446228,0.065057,78.227892,280.548950,17
20260712_041211,12.983,fallen,78.3,1,0.830301,221.494385,96.916870,2.285406,294.154480,280.887390,13.267090,0.059898,79.188085,280.113312,17
20260712_041211,13.068,fallen,77.6,1,0.841704,221.286865,96.037537,2.304171,293.678589,282.584167,11.094421,0.050136,80.762085,281.521271,17
20260712_041211,13.157,fallen,81.2,1,0.842311,223.301407,97.792236,2.283427,294.745300,284.217529,10.527771,0.047146,80.938835,280.907288,17
20260712_041211,13.253,fallen,88.2,1,0.847534,215.703491,99.085999,2.176932,292.194763,280.185547,12.009216,0.055675,79.457355,288.027893,17
20260712_041211,13.361,fallen,98.6,1,0.857817,214.958130,101.205811,2.123970,292.702179,280.183899,12.518280,0.058236,79.014744,286.593597,17
20260712_041211,13.457,fallen,87.6,1,0.843572,215.093491,99.510864,2.161508,290.248840,279.245941,11.002899,0.051154,79.730657,287.843445,17
20260712_041211,13.541,fallen,75.1,1,0.833297,216.288269,98.089005,2.205021,292.576660,281.483154,11.093506,0.051290,80.327571,287.574890,17
20260712_041211,13.630,fallen,79.9,1,0.841041,221.884583,95.722717,2.317993,294.019562,283.029724,10.989838,0.049530,80.806201,281.435974,17
20260712_041211,13.721,fallen,82.4,1,0.845278,217.867905,100.000854,2.178660,291.535828,281.645264,9.890564,0.045397,81.064847,287.520569,17
20260712_041211,13.814,fallen,83.0,1,0.841460,218.616104,98.247421,2.225159,290.764832,283.917938,6.846893,0.031319,83.759606,287.020447,17
20260712_041211,13.903,fallen,81.6,1,0.839461,221.116592,99.621109,2.219576,290.897034,280.702850,10.194183,0.046103,81.121024,289.954773,17
20260712_041211,13.996,fallen,83.5,1,0.834302,220.843018,100.222595,2.203525,291.133545,282.644409,8.489136,0.038440,82.586940,289.652313,17
20260712_041211,14.084,fallen,79.9,1,0.851627,223.974609,100.246155,2.234246,292.222565,281.086731,11.135834,0.049719,80.301680,289.788361,17
20260712_041211,14.179,fallen,85.2,1,0.841681,219.896667,98.755875,2.226669,291.394287,278.577209,12.817078,0.058287,78.608530,286.269653,17
20260712_041211,14.259,fallen,72.4,1,0.839799,220.217651,97.539673,2.257724,290.675476,277.977753,12.697723,0.057660,78.672648,289.812592,17
20260712_041211,14.361,fallen,93.9,1,0.826613,194.825867,97.374451,2.000790,290.535095,279.780884,10.754211,0.055199,79.916351,288.804504,17
20260712_041211,14.443,fallen,74.5,1,0.823445,224.281006,96.473328,2.324798,293.588501,282.837708,10.750793,0.047934,81.005127,279.580383,17
20260712_041211,14.533,fallen,82.0,1,0.814314,223.626831,97.558838,2.292225,296.334167,284.884644,11.449524,0.051199,80.536353,274.661316,17
20260712_041211,14.625,fallen,80.1,1,0.841129,226.659058,97.129578,2.333574,294.019684,283.222534,10.797150,0.047636,80.713658,280.819031,17
20260712_041211,14.709,fallen,74.1,1,0.842855,215.115112,98.904526,2.174977,290.705383,279.418579,11.286804,0.052469,79.894406,287.506317,17
20260712_041211,14.795,fallen,76.9,1,0.841880,218.334732,98.947266,2.206577,292.554199,283.048523,9.505676,0.043537,81.840527,285.648682,17
20260712_041211,14.880,fallen,77.6,1,0.842003,223.458725,96.903381,2.305995,292.967529,281.457336,11.510193,0.051509,80.488764,280.877686,17
20260712_041211,14.966,fallen,78.4,1,0.848563,226.511169,99.014023,2.287668,294.115265,279.766937,14.348328,0.063345,78.004628,289.993530,17
20260712_041211,0.000,fallen,74.4,0,,,,,,,,,,,0
20260712_041211,0.090,fallen,82.0,1,0.177353,93.000549,151.605896,0.613436,316.384460,286.344666,30.039795,0.198144,11.441353,269.487549,17
20260712_041211,0.168,fallen,70.0,1,0.585018,93.718384,145.071655,0.646014,319.594238,284.067932,35.526306,0.244888,11.328520,260.914978,17
20260712_041211,0.245,fallen,67.5,1,0.686289,94.861633,156.033508,0.607957,316.436340,279.306030,37.130310,0.237964,12.728319,261.503876,17
20260712_041211,0.331,fallen,77.6,2,0.746688,93.413513,169.558289,0.550923,316.891479,282.579803,34.311676,0.202359,12.765329,257.003235,17
20260712_041211,0.408,fallen,67.9,0,,,,,,,,,,,0
20260712_041211,0.488,fallen,71.4,0,,,,,,,,,,,0
20260712_041211,0.569,fallen,72.3,0,,,,,,,,,,,0
20260712_041211,0.654,fallen,76.4,0,,,,,,,,,,,0
20260712_041211,0.745,fallen,82.1,1,0.505970,94.500244,162.220947,0.582540,318.995789,282.695557,36.300232,0.223770,8.117518,266.322449,17
20260712_041211,0.831,fallen,76.3,1,0.647904,95.310059,158.585388,0.601002,319.457886,285.500916,33.956970,0.214124,8.916410,267.394348,17
20260712_041211,0.913,fallen,73.1,1,0.427287,95.442017,159.137711,0.599745,316.748993,280.389038,36.359955,0.228481,7.693321,269.090240,17
20260712_041211,1.003,fallen,81.0,2,0.670446,94.624023,164.761124,0.574310,319.017151,283.338440,35.678711,0.216548,9.514893,260.703491,17
20260712_041211,1.092,fallen,81.9,1,0.416527,93.852783,155.300415,0.604331,315.634094,279.405518,36.228577,0.233281,9.199558,270.405579,15
20260712_041211,1.182,fallen,79.9,1,0.195177,92.243408,158.096802,0.583462,314.494659,284.066406,30.428253,0.192466,9.228186,264.887939,16
20260712_041211,1.265,fallen,74.9,1,0.368227,93.986206,162.115845,0.579747,318.671021,284.701721,33.969299,0.209537,9.288766,266.852905,17
20260712_041211,1.390,fallen,116.0,0,,,,,,,,,,,0
20260712_041211,1.475,fallen,76.0,3,0.277267,93.752441,257.375626,0.364263,,,,,,467.317749,5
20260712_041211,1.548,fallen,64.2,0,,,,,,,,,,,0
20260712_041211,1.628,fallen,73.3,1,0.690974,95.096436,152.841125,0.622191,318.649414,284.700653,33.948761,0.222118,16.102554,257.511688,17
20260712_041211,1.709,fallen,72.6,1,0.569338,94.766968,153.153671,0.618770,316.518982,277.889984,38.628998,0.252224,11.161396,266.716248,17
20260712_041211,1.796,fallen,79.0,1,0.405304,94.227417,159.051392,0.592434,319.462830,282.902771,36.560059,0.229863,8.611480,264.248413,17
20260712_041211,1.882,fallen,76.1,2,0.517891,95.479004,162.495789,0.587578,321.027893,284.375427,36.652466,0.225559,9.452884,256.577667,17
20260712_041211,1.972,fallen,81.2,2,0.483137,93.939453,163.163574,0.575738,316.762756,282.438629,34.324127,0.210366,11.930607,257.706177,17
20260712_041211,2.055,fallen,74.6,2,0.324402,93.265381,160.099106,0.582548,315.553223,281.453613,34.099609,0.212991,8.729481,260.543030,15
20260712_041211,2.137,fallen,72.8,3,0.164979,90.895630,261.597763,0.347463,,,,,,467.444397,4
20260712_041211,2.211,fallen,65.0,1,0.631314,96.303467,151.437515,0.635929,319.185455,284.213989,34.971466,0.230930,9.822814,266.905518,17
20260712_041211,2.293,fallen,73.7,1,0.741058,95.694214,154.597107,0.618991,316.482178,284.220154,32.262024,0.208685,15.302632,260.564209,17
20260712_041211,2.371,fallen,71.1,1,0.407400,93.634766,155.977722,0.600309,319.351227,290.752197,28.599030,0.183353,14.373792,263.704437,17
20260712_041211,2.448,fallen,68.3,1,0.495383,95.080811,152.037216,0.625379,317.666473,285.719208,31.947266,0.210128,9.978684,263.524017,17
20260712_041211,2.537,fallen,80.3,0,,,,,,,,,,,0
20260712_041211,2.611,fallen,67.1,1,0.480116,93.894470,154.708511,0.606912,318.628693,284.220184,34.408508,0.222409,13.748178,260.981415,17
20260712_041211,2.697,fallen,78.1,1,0.221887,94.293335,155.498184,0.606395,319.092346,290.005859,29.086487,0.187054,10.916792,260.770355,17
20260712_041211,2.776,fallen,71.7,0,,,,,,,,,,,0
20260712_041211,2.862,fallen,77.6,1,0.698603,96.518433,157.293198,0.613621,317.006653,281.944519,35.062134,0.222909,10.829183,263.074646,17
20260712_041211,2.939,fallen,68.2,1,0.453163,95.057983,158.231689,0.600752,316.768890,278.543518,38.225372,0.241578,11.023987,263.023132,17
20260712_041211,3.022,fallen,76.1,2,0.577102,95.207153,158.545715,0.600503,316.241241,280.117065,36.124176,0.227847,10.569056,263.680878,17
20260712_041211,3.105,fallen,75.6,2,0.361237,94.329102,159.667465,0.590785,315.975525,283.098572,32.876953,0.205909,9.270236,268.946655,17
20260712_041211,3.196,fallen,82.0,4,0.150483,84.488281,336.109634,0.251371,,,,,,466.265411,4
20260712_041211,3.279,fallen,74.6,1,0.417244,95.001831,151.596298,0.626676,316.651459,282.721405,33.930054,0.223818,9.757127,272.851685,17
20260712_041211,3.359,fallen,70.0,1,0.304687,93.684753,148.671021,0.630148,318.847168,287.038116,31.809052,0.213956,12.364408,261.306274,17
20260712_041211,3.452,fallen,85.1,5,0.154340,91.737061,365.159698,0.251224,,,,,,465.739502,4
20260712_041211,3.548,fallen,88.8,2,0.471846,93.933655,146.605957,0.640722,316.755493,277.676636,39.078857,0.266557,8.737222,262.951660,17
20260712_041211,3.652,fallen,96.1,2,0.433141,93.827515,159.128403,0.589634,313.836060,281.886719,31.949341,0.200777,12.428323,263.427490,17
20260712_041211,3.743,fallen,83.3,2,0.155243,73.025024,255.093277,0.286268,,,,,,,4
20260712_041211,3.823,fallen,70.9,2,0.198921,84.461121,278.400635,0.303380,,,,,,463.725342,4
20260712_041211,3.906,fallen,73.9,1,0.192474,94.030518,165.413513,0.568457,317.930145,283.302490,34.627655,0.209340,10.840989,261.867554,17
20260712_041211,3.990,fallen,76.4,1,0.524324,95.669800,159.333374,0.600438,318.225647,284.700806,33.524841,0.210407,10.069760,261.702881,17
20260712_041211,4.077,fallen,77.4,1,0.633640,95.642517,159.268250,0.600512,319.131226,286.411926,32.719299,0.205435,11.963198,256.757477,17
20260712_041211,4.162,fallen,76.7,3,0.187924,82.918213,268.663757,0.308632,,,,,,465.907776,4
20260712_041211,4.243,fallen,71.9,1,0.240866,94.562378,154.453064,0.612240,313.906311,283.560486,30.345825,0.196473,11.310354,266.843750,17
20260712_041211,4.322,fallen,69.6,0,,,,,,,,,,,0
20260712_041211,4.404,fallen,74.1,2,0.200503,87.579834,327.592072,0.267344,,,,,,465.564209,4
20260712_041211,4.484,fallen,71.0,1,0.507219,94.931030,162.325623,0.584819,317.692017,281.218964,36.473053,0.224691,8.114947,261.321655,17
20260712_041211,4.568,fallen,77.2,2,0.427675,94.503906,162.705811,0.580827,315.989746,287.511383,28.478363,0.175030,14.387232,253.077209,17
20260712_041211,4.647,fallen,71.4,1,0.363875,93.675537,153.386047,0.610717,311.170654,274.716309,36.454346,0.237664,10.528694,267.402924,17
20260712_041211,4.734,fallen,79.6,1,0.273739,94.730286,152.242569,0.622233,313.070251,270.281555,42.788696,0.281056,5.419948,275.524048,15
20260712_041211,4.819,fallen,76.3,1,0.186837,95.034668,156.354233,0.607816,308.568054,269.650665,38.917389,0.248905,9.264625,276.088745,17
20260712_041211,4.894,fallen,67.8,1,0.587123,95.382812,156.859253,0.608079,320.247650,287.484375,32.763275,0.208871,10.420285,259.273804,17
20260712_041211,4.975,fallen,73.0,1,0.248298,95.396118,158.178040,0.603093,314.040802,279.806396,34.234406,0.216430,16.734761,273.752136,8
20260712_041211,5.059,fallen,76.2,1,0.185721,93.151062,159.536194,0.583887,313.770264,278.628510,35.141754,0.220274,9.266055,272.346069,13
20260712_041211,5.135,fallen,68.0,1,0.190676,91.173340,161.058121,0.566090,314.151184,283.689636,30.461548,0.189134,10.983935,274.743652,14
20260712_041211,5.221,fallen,79.1,0,,,,,,,,,,,0
20260712_041211,5.307,fallen,76.5,1,0.351040,93.691284,163.520874,0.572962,317.915741,287.732910,30.182831,0.184581,12.888532,268.218262,15
20260712_041211,5.388,fallen,72.3,0,,,,,,,,,,,0
20260712_041211,5.467,fallen,71.1,1,0.450742,95.141968,162.984558,0.583748,316.681519,281.973328,34.708191,0.212954,9.995073,271.517395,17
20260712_041211,5.551,fallen,76.5,1,0.489407,93.812866,154.884659,0.605695,316.398376,278.057190,38.341187,0.247547,10.856390,265.158325,17
20260712_041211,5.634,fallen,74.8,0,,,,,,,,,,,0
20260712_041211,5.734,fallen,89.8,4,0.163176,92.381470,310.012451,0.297993,,,,,,464.045746,4
20260712_041211,5.817,fallen,75.9,1,0.150097,93.510132,160.029480,0.584331,312.769287,279.992065,32.777222,0.204820,9.564474,270.421387,17
20260712_041211,5.904,fallen,80.0,3,0.202081,78.028076,254.750122,0.306293,,,,,,465.170990,4
20260712_041211,6.010,fallen,96.9,4,0.160419,89.723328,337.204041,0.266080,,,,,,464.645203,5
20260712_041211,6.096,fallen,77.7,1,0.462493,93.986267,159.874130,0.587877,318.018860,285.282867,32.735992,0.204761,13.438179,265.282104,17
20260712_041211,6.180,fallen,74.6,3,0.164461,83.582642,270.988831,0.308436,,,,,,,2
20260712_041211,6.277,fallen,89.4,2,0.215548,83.409302,278.026550,0.300005,,,,,,463.186890,4
20260712_041211,6.382,fallen,95.0,3,0.237580,82.099609,260.303162,0.315400,,,,,,464.911804,4
20260712_041211,6.471,fallen,79.5,1,0.564900,95.856445,162.413391,0.590200,315.905029,279.801392,36.103638,0.222295,13.407065,273.303101,16
20260712_041211,6.560,fallen,79.7,2,0.445219,95.618530,158.664810,0.602645,319.570770,281.387634,38.183136,0.240653,6.984381,262.755432,17
20260712_041211,6.653,fallen,83.9,1,0.429236,95.744141,154.582153,0.619374,316.218567,280.990753,35.227814,0.227891,11.803746,259.198700,17
20260712_041211,6.757,fallen,95.2,1,0.218285,94.410339,159.693726,0.591196,313.515320,280.937927,32.577393,0.203999,11.711333,264.175232,15
20260712_041211,6.844,fallen,77.6,2,0.195462,79.373169,262.218018,0.302699,,,,,,466.772400,5
20260712_041211,6.927,fallen,74.4,1,0.659609,95.333252,152.339493,0.625795,319.696167,284.218933,35.477234,0.232883,13.865158,264.697845,17
20260712_041211,7.008,fallen,74.2,2,0.342465,79.577148,257.979431,0.308463,,,,,,468.897308,4
20260712_041211,7.093,fallen,77.8,4,0.407498,85.895752,265.415161,0.323628,,,,,,465.127289,4
20260712_041211,7.181,fallen,81.4,2,0.153249,78.783325,249.889954,0.315272,,,,,,,4
20260712_041211,7.265,fallen,74.8,3,0.310760,87.968140,294.232254,0.298975,,,,,,,2
20260712_041211,7.348,fallen,74.5,1,0.201032,94.942871,166.653549,0.569702,317.692261,281.694153,35.998108,0.216006,6.935059,266.463562,17
20260712_041211,7.432,fallen,76.1,2,0.309788,93.337036,157.146118,0.593951,315.817749,281.988281,33.829468,0.215274,15.460160,265.549316,17
20260712_041211,7.513,fallen,74.0,1,0.426171,94.640503,161.044312,0.587667,316.886688,280.881897,36.004791,0.223571,8.075146,268.975281,17
20260712_041211,7.597,fallen,74.4,3,0.325926,85.824951,263.014374,0.326313,,,,,,465.785461,6
20260712_041211,7.686,fallen,81.7,2,0.211931,79.661133,257.351501,0.309542,,,,,,466.997803,5
20260712_041211,7.767,fallen,72.7,1,0.473613,94.265259,156.609741,0.601912,318.105469,279.506500,38.598969,0.246466,7.979760,264.547638,17
20260712_041211,7.849,fallen,74.6,1,0.252685,93.806641,164.491699,0.570282,316.610168,284.856445,31.753723,0.193041,13.497585,260.142029,15
20260712_041211,7.938,fallen,79.2,1,0.582617,94.139282,154.514282,0.609259,319.677246,288.711914,30.965332,0.200404,16.465340,258.860718,17
20260712_041211,8.029,fallen,83.4,2,0.459129,94.091675,153.760071,0.611938,318.445557,284.187500,34.258057,0.222802,12.490497,262.448242,17
20260712_041211,8.111,fallen,72.9,1,0.263969,93.721497,156.743896,0.597928,314.983429,284.217102,30.766327,0.196284,12.906512,273.295959,14
20260712_041211,8.191,fallen,70.2,0,,,,,,,,,,,0
20260712_041211,8.270,fallen,70.9,1,0.386661,94.169189,150.453003,0.625904,315.840454,276.155762,39.684692,0.263768,8.544589,264.749847,17
20260712_041211,8.350,fallen,71.1,1,0.388189,93.922668,158.230835,0.593580,316.653839,279.999146,36.654694,0.231653,8.327151,270.605957,17
20260712_041211,8.428,fallen,70.8,1,0.184632,94.746338,152.090515,0.622960,318.978851,279.193359,39.785492,0.261591,6.549636,262.582092,17
20260712_041211,8.510,fallen,72.7,1,0.430822,93.698975,157.239883,0.595898,317.337830,286.786682,30.551147,0.194296,11.081977,266.817444,17
20260712_041211,8.594,fallen,75.0,1,0.425789,94.152405,151.138062,0.622956,317.323975,282.774902,34.549072,0.228593,12.490959,262.067383,17
20260712_041211,8.671,fallen,69.7,1,0.287580,95.097168,154.155701,0.616890,320.071472,287.155823,32.915649,0.213522,12.350474,258.832886,17
20260712_041211,8.756,fallen,77.0,1,0.498037,94.655884,154.996582,0.610697,315.624359,280.434509,35.189850,0.227036,7.449852,264.350769,17
20260712_041211,8.836,fallen,71.1,1,0.365856,92.856934,152.910217,0.607264,316.794495,288.950470,27.844025,0.182094,12.600598,260.902771,17
20260712_041211,8.921,fallen,76.8,1,0.522431,94.478882,155.860168,0.606177,319.986664,289.437439,30.549225,0.196004,11.057023,257.502655,17
20260712_041211,9.005,fallen,76.7,2,0.455755,94.844238,156.768661,0.604995,316.307983,277.603577,38.704407,0.246889,7.685967,266.082886,17
20260712_041211,9.086,fallen,71.9,1,0.360178,94.946045,160.490250,0.591600,314.399445,272.809845,41.589600,0.259141,7.930718,265.302673,17
20260712_041211,9.170,fallen,74.6,2,0.484722,95.178833,161.980835,0.587593,317.476013,281.177856,36.298157,0.224089,7.896437,265.161133,17
20260712_041211,9.257,fallen,78.7,1,0.233702,90.943237,144.397476,0.629812,319.411743,292.821472,26.590271,0.184146,5.857632,268.165405,17
20260712_041211,9.339,fallen,72.2,1,0.651344,93.866211,152.516174,0.615451,317.736481,283.905212,33.831268,0.221821,14.465500,267.591461,17
20260712_041211,9.421,fallen,73.7,1,0.511923,94.378784,156.862122,0.601667,317.894287,280.939148,36.955139,0.235590,8.003741,266.484406,17
20260712_041211,9.499,fallen,69.8,1,0.605740,93.861816,159.063858,0.590089,317.586823,283.293701,34.293121,0.215593,8.943821,259.234619,17
20260712_041211,9.579,fallen,70.1,2,0.172127,87.266602,284.401703,0.306843,,,,,,465.614746,3
20260712_041211,9.663,fallen,77.1,2,0.500628,94.618958,159.580688,0.592922,321.332886,289.177612,32.155273,0.201499,8.392679,263.363373,17
20260712_041211,9.771,fallen,97.2,2,0.321613,94.221313,153.528091,0.613707,314.572876,277.077026,37.495850,0.244228,8.496850,268.409393,17
20260712_041211,9.859,fallen,80.4,4,0.162701,76.180786,355.582047,0.214242,,,,,,461.252319,4
20260712_041211,9.961,fallen,95.0,1,0.603603,95.013306,144.031433,0.659671,317.385437,283.350922,34.034515,0.236299,12.069377,269.765930,16
20260712_041211,10.041,fallen,72.0,1,0.238188,90.392822,150.276627,0.601510,319.503174,291.729248,27.773926,0.184819,15.213975,274.650970,17
20260712_041211,10.125,fallen,75.2,0,,,,,,,,,,,0
20260712_041211,10.210,fallen,77.3,0,,,,,,,,,,,0
20260712_041211,10.294,fallen,76.6,0,,,,,,,,,,,0
20260712_041211,10.387,fallen,85.8,1,0.484352,94.321167,155.876526,0.605102,318.390137,281.158203,37.231934,0.238855,8.507505,261.370239,17
20260712_041211,10.465,fallen,69.6,1,0.594662,95.586304,159.392227,0.599692,318.393127,285.210876,33.182251,0.208180,13.005369,262.401978,17
20260712_041211,10.544,fallen,70.2,1,0.243816,93.831177,162.356216,0.577934,316.346649,289.735077,26.611572,0.163909,18.392815,267.328857,17
20260712_041211,10.622,fallen,70.9,1,0.286189,93.298584,158.626343,0.588166,312.966614,278.928284,34.038330,0.214582,9.137909,273.435730,15
20260712_041211,10.715,fallen,85.7,1,0.521027,94.994934,152.258041,0.623908,316.234222,286.306976,29.927246,0.196556,12.903985,268.407349,17
20260712_041211,10.798,fallen,74.8,1,0.531031,93.179565,159.890488,0.582771,320.329590,288.586426,31.743164,0.198531,11.144481,260.408936,17
20260712_041211,10.903,fallen,95.6,1,0.450793,94.228760,154.375229,0.610388,319.833130,286.916504,32.916626,0.213225,9.770821,264.018402,17
20260712_041211,10.994,fallen,83.8,1,0.562853,93.521729,149.191406,0.626857,319.247375,286.904785,32.342590,0.216786,15.490305,260.547058,17
20260712_041211,11.083,fallen,81.6,1,0.716878,94.144043,167.111877,0.563359,317.045532,283.769745,33.275787,0.199123,13.196087,260.607574,17
20260712_041211,11.173,fallen,80.8,1,0.206960,93.500366,161.639221,0.578451,316.649902,277.071655,39.578247,0.244855,10.355430,268.940155,17
20260712_041211,11.259,fallen,79.0,1,0.297843,93.817566,157.160278,0.596955,313.990845,275.727112,38.263733,0.243469,9.976316,268.769836,17
20260712_041211,11.364,fallen,97.5,1,0.500793,95.057373,159.687378,0.595272,320.338745,287.317871,33.020874,0.206784,6.945515,257.270660,17
20260712_041211,11.449,fallen,76.4,1,0.179268,94.227661,156.281433,0.602936,319.373474,287.161621,32.211853,0.206114,13.853225,266.199524,17
20260712_041211,11.536,fallen,77.3,1,0.351246,94.940308,154.521912,0.614413,315.413269,273.984619,41.428650,0.268109,6.885663,272.497070,15
20260712_041211,11.614,fallen,68.9,0,,,,,,,,,,,0
20260712_041211,11.694,fallen,72.6,1,0.512079,94.479004,161.683456,0.584346,322.422241,290.785858,31.636383,0.195669,11.858360,262.219391,17
20260712_041211,11.780,fallen,77.7,1,0.549700,94.961792,164.989075,0.575564,316.477722,280.579163,35.898560,0.217581,5.256231,264.618774,17
20260712_041211,11.865,fallen,75.8,1,0.344827,94.897400,163.238708,0.581341,317.349274,284.157471,33.191803,0.203333,10.009894,265.261108,17
20260712_041211,11.953,fallen,79.3,1,0.684575,95.013672,159.068237,0.597314,319.606506,287.129395,32.477112,0.204171,13.436188,258.861359,17
20260712_041211,12.040,fallen,78.7,1,0.370238,94.162476,153.051514,0.615234,318.142273,284.158569,33.983704,0.222041,9.295270,263.659241,17
20260712_041211,12.127,fallen,78.5,1,0.553873,94.483154,150.547913,0.627595,317.694855,282.978027,34.716827,0.230603,9.738180,261.847961,17
20260712_041211,12.209,fallen,72.9,1,0.622857,94.865845,156.998795,0.604246,317.521973,283.913574,33.608398,0.214068,10.831101,262.115601,17
20260712_041211,12.294,fallen,76.6,1,0.590411,94.117615,158.622314,0.593344,317.664795,284.940796,32.723999,0.206301,11.948796,258.229797,17
20260712_041211,12.372,fallen,70.8,1,0.499583,94.358337,155.143066,0.608202,319.168243,282.932434,36.235809,0.233564,8.207783,262.282898,17
20260712_041211,12.458,fallen,79.1,0,,,,,,,,,,,0
20260712_041211,12.548,fallen,81.0,1,0.266973,93.496094,158.620300,0.589433,316.007233,286.673035,29.334198,0.184933,7.432878,259.359192,17
20260712_041211,12.627,fallen,71.5,1,0.420705,95.621521,153.976807,0.621012,316.327515,276.250977,40.076538,0.260276,3.374647,271.538391,17
20260712_041211,12.703,fallen,67.8,1,0.492906,94.501099,155.070923,0.609406,316.908600,278.345093,38.563507,0.248683,10.342835,260.137482,17
20260712_041211,12.786,fallen,75.7,1,0.680461,95.023132,151.137314,0.628721,319.256042,286.808624,32.447418,0.214688,15.756547,258.473663,17
20260712_041211,12.874,fallen,77.5,1,0.649335,95.636963,154.578476,0.618695,319.331238,289.022675,30.308563,0.196072,17.418928,260.730469,17
20260712_041211,12.971,fallen,88.0,1,0.185338,122.328369,467.711884,0.261546,,,,,,,0
20260712_041211,13.071,fallen,89.4,1,0.408899,93.549072,152.620667,0.612952,317.899231,283.432831,34.466400,0.225830,11.556351,258.819031,17
20260712_041211,13.154,fallen,75.9,1,0.408677,93.873413,153.895493,0.609982,319.007935,285.856781,33.151154,0.215413,12.999428,258.790588,17
20260712_041211,13.240,fallen,77.1,1,0.585627,93.832886,155.643692,0.602870,317.530212,283.268555,34.261658,0.220129,14.230873,265.957489,17
20260712_041211,13.333,fallen,83.8,1,0.397534,94.708862,157.233948,0.602344,314.065491,278.015839,36.049652,0.229274,11.073098,268.010223,17
20260712_041211,13.422,fallen,82.0,1,0.212696,94.009705,156.257629,0.601633,318.052124,281.888672,36.163452,0.231435,12.268164,267.438293,17
20260712_041211,13.526,fallen,95.9,1,0.348089,92.356689,161.179916,0.573004,316.207153,290.657349,25.549805,0.158517,14.753931,259.859070,17
20260712_041211,13.606,fallen,70.7,0,,,,,,,,,,,0
20260712_041211,13.687,fallen,74.6,1,0.289989,94.023804,158.223572,0.594246,319.257446,279.356567,39.900879,0.252180,7.697627,265.624817,17
20260712_041211,13.769,fallen,75.2,1,0.642652,94.248535,162.017761,0.581717,320.213928,287.700623,32.513306,0.200677,15.463965,262.959473,17
20260712_041211,13.855,fallen,77.4,1,0.334397,93.488159,158.940552,0.588196,317.402588,288.213440,29.189148,0.183648,13.107697,253.024780,17
20260712_041211,13.934,fallen,70.3,0,,,,,,,,,,,0
20260712_041211,14.017,fallen,75.2,1,0.407655,94.993408,158.401474,0.599700,319.356934,285.229248,34.127686,0.215451,13.857977,263.894012,17
20260712_041211,14.111,fallen,84.8,1,0.570762,95.594971,152.754501,0.625808,318.559448,284.526642,34.032806,0.222794,8.906087,269.889740,17
20260712_041211,14.199,fallen,78.0,1,0.499253,94.555725,147.107651,0.642766,324.253540,296.916992,27.336548,0.185827,19.340381,256.319641,17
20260712_041211,14.297,fallen,90.5,1,0.150059,93.844910,147.850464,0.634729,320.770996,296.384552,24.386444,0.164940,15.947593,264.509827,17
20260712_041211,14.413,fallen,109.0,0,,,,,,,,,,,0
20260712_041211,14.509,fallen,87.1,1,0.598145,94.460693,155.755798,0.606467,319.295837,285.986023,33.309814,0.213859,10.831197,257.696625,17
20260712_041211,14.609,fallen,90.8,1,0.464627,94.350464,162.101501,0.582046,316.850922,283.279449,33.571472,0.207102,6.390246,266.445679,17
20260712_041211,14.686,fallen,68.1,0,,,,,,,,,,,0
20260712_041211,14.768,fallen,73.3,1,0.459599,94.947388,154.208115,0.615709,320.033081,292.521545,27.511536,0.178405,14.057507,259.205444,17
20260712_041211,14.856,fallen,80.2,1,0.618192,94.088867,158.006821,0.595473,317.003479,284.027954,32.975525,0.208697,14.282936,265.845581,17
20260712_041211,14.938,fallen,74.1,1,0.471173,95.262817,159.391663,0.597665,317.669922,285.228424,32.441498,0.203533,8.500272,261.170532,17
